{
    "averge_document_length": {
        "stars": 5.656799259944496,
        "genres": 3.0666049953746533,
        "summaries": 313.3108233117484
    },
    "document_count": 1081
}